{
  "phase": "Phase3-chuang",
  "best": {
    "kAtrDyn": 2,
    "boards": "chuang_only",
    "regime": "none",
    "maxHoldDyn": 5,
    "maxHoldMain": 20,
    "period": {
      "from": "20230828",
      "to": "20260630"
    }
  },
  "base": {
    "total": 344,
    "wins": 24,
    "winRate": 0.06976744186046512,
    "avgWin": 0.14134123194254103,
    "avgLoss": 0.021035820975057164,
    "profitFactor": 0.5039305291797279,
    "payoff": 6.719073722396373,
    "expectancy": -0.009707189376154963,
    "expCI": [
      0.007329148366498091,
      0.01759933980086097
    ],
    "wrCI": [
      0.047328186540926784,
      0.10170976636637356
    ],
    "kelly": -0.06867910547221771,
    "avgHold": 2.447674418604651
  },
  "byBoard": {
    "kcb": {
      "total": 42,
      "wins": 1,
      "winRate": 0.023809523809523808,
      "avgWin": 0.09139393939393947,
      "avgLoss": 0.023241727072329518,
      "profitFactor": 0.09591027663674777,
      "payoff": 3.9323213421066585,
      "expectancy": -0.020512306442180255,
      "expCI": [
        -0.0031920300457799517,
        0.015452173263561384
      ],
      "wrCI": [
        0.00421529549910029,
        0.12321481165248252
      ],
      "kelly": -0.22443836624401456,
      "avgHold": 2.2857142857142856
    },
    "cyb": {
      "total": 302,
      "wins": 23,
      "winRate": 0.076158940397351,
      "avgWin": 0.14351285335769762,
      "avgLoss": 0.020711655562913208,
      "profitFactor": 0.5712150177373095,
      "payoff": 6.929086519509102,
      "expectancy": -0.00820449097624417,
      "expCI": [
        0.009224536069354142,
        0.02154492151944342
      ],
      "wrCI": [
        0.05128168869052767,
        0.11168371562333941
      ],
      "kelly": -0.057169032489340466,
      "avgHold": 2.4701986754966887
    }
  },
  "byYear": {
    "2023": {
      "total": 40,
      "wins": 1,
      "winRate": 0.025,
      "avgWin": 0.007727975270479108,
      "avgLoss": 0.019115006839554995,
      "profitFactor": 0.010366368881099493,
      "payoff": 0.4042883863628802,
      "expectancy": -0.018443932286804143,
      "expCI": [
        -0.0053553346568901,
        0.007884398110717835
      ],
      "wrCI": [
        0.0044267174077949195,
        0.1288165948800778
      ],
      "kelly": -2.3866448379124643,
      "avgHold": 2.4
    },
    "2024": {
      "total": 83,
      "wins": 4,
      "winRate": 0.04819277108433735,
      "avgWin": 0.17169397248328347,
      "avgLoss": 0.020277044223240434,
      "profitFactor": 0.42872943411507025,
      "payoff": 8.467406323772638,
      "expectancy": -0.011025428960275424,
      "expCI": [
        -0.0026982649083819887,
        0.022957447994890596
      ],
      "wrCI": [
        0.01889830967407153,
        0.11746030186694112
      ],
      "kelly": -0.06421558544432238,
      "avgHold": 2.3132530120481927
    },
    "2025": {
      "total": 168,
      "wins": 9,
      "winRate": 0.05357142857142857,
      "avgWin": 0.12395900594413578,
      "avgLoss": 0.02190760057548104,
      "profitFactor": 0.32027914157448845,
      "payoff": 5.658264834482629,
      "expectancy": -0.014093318083358711,
      "expCI": [
        0.0067958167390883084,
        0.019098556447452546
      ],
      "wrCI": [
        0.02843660362403755,
        0.09866649597466265
      ],
      "kelly": -0.11369337770996729,
      "avgHold": 2.4583333333333335
    },
    "2026": {
      "total": 53,
      "wins": 10,
      "winRate": 0.18867924528301888,
      "avgWin": 0.15820546479201494,
      "avgLoss": 0.020948429305538887,
      "profitFactor": 1.7563115601490242,
      "payoff": 7.552139708640805,
      "expectancy": 0.012854192222301462,
      "expCI": [
        0.011178238306735915,
        0.0531566183843938
      ],
      "wrCI": [
        0.10585211943149554,
        0.31358716447325025
      ],
      "kelly": 0.08124998867264316,
      "avgHold": 2.660377358490566
    }
  },
  "byRegime": {
    "n/a": {
      "total": 344,
      "wins": 24,
      "winRate": 0.06976744186046512,
      "avgWin": 0.14134123194254103,
      "avgLoss": 0.021035820975057164,
      "profitFactor": 0.5039305291797279,
      "payoff": 6.719073722396373,
      "expectancy": -0.009707189376154963,
      "expCI": [
        0.007329148366498091,
        0.01759933980086097
      ],
      "wrCI": [
        0.047328186540926784,
        0.10170976636637356
      ],
      "kelly": -0.06867910547221771,
      "avgHold": 2.447674418604651
    }
  },
  "walkForward": [
    {
      "window": "202309~202402",
      "n": 45,
      "exp": -0.017323541590967387,
      "winRate": 0.022222222222222223,
      "pf": 0.009815952588672764
    },
    {
      "window": "202310~202403",
      "n": 35,
      "exp": -0.01514984776250518,
      "winRate": 0,
      "pf": 0
    },
    {
      "window": "202311~202404",
      "n": 23,
      "exp": -0.013521331998072312,
      "winRate": 0,
      "pf": 0
    },
    {
      "window": "202312~202405",
      "n": 16,
      "exp": -0.010584978568233714,
      "winRate": 0.0625,
      "pf": 0.194722001333037
    },
    {
      "window": "202401~202406",
      "n": 21,
      "exp": -0.011824321733706452,
      "winRate": 0.047619047619047616,
      "pf": 0.14157483503120327
    },
    {
      "window": "202402~202407",
      "n": 21,
      "exp": -0.016146158861130567,
      "winRate": 0.047619047619047616,
      "pf": 0.1077632648780654
    },
    {
      "window": "202403~202408",
      "n": 21,
      "exp": -0.016780428009041507,
      "winRate": 0.047619047619047616,
      "pf": 0.1041140957069543
    },
    {
      "window": "202404~202409",
      "n": 21,
      "exp": -0.018640984178215612,
      "winRate": 0.047619047619047616,
      "pf": 0.09470662616676744
    },
    {
      "window": "202405~202410",
      "n": 26,
      "exp": 0.0031520629849811216,
      "winRate": 0.11538461538461539,
      "pf": 1.1453414019270274
    },
    {
      "window": "202406~202411",
      "n": 35,
      "exp": -0.0036062368089521124,
      "winRate": 0.08571428571428572,
      "pf": 0.8365136592918863
    },
    {
      "window": "202407~202412",
      "n": 44,
      "exp": -0.0051815415492480095,
      "winRate": 0.06818181818181818,
      "pf": 0.7390880405476076
    },
    {
      "window": "202408~202502",
      "n": 54,
      "exp": -0.008833901582841846,
      "winRate": 0.05555555555555555,
      "pf": 0.5751623961245202
    },
    {
      "window": "202409~202503",
      "n": 66,
      "exp": -0.009168596697645434,
      "winRate": 0.06060606060606061,
      "pf": 0.5492012422355121
    },
    {
      "window": "202410~202504",
      "n": 87,
      "exp": -0.018558219138233575,
      "winRate": 0.022988505747126436,
      "pf": 0.12299672449612978
    },
    {
      "window": "202411~202505",
      "n": 77,
      "exp": -0.017492138912496763,
      "winRate": 0.025974025974025976,
      "pf": 0.1439221106313238
    },
    {
      "window": "202412~202506",
      "n": 102,
      "exp": -0.013090534053185882,
      "winRate": 0.049019607843137254,
      "pf": 0.38085267682452983
    },
    {
      "window": "202502~202507",
      "n": 101,
      "exp": -0.01023528396589393,
      "winRate": 0.0594059405940594,
      "pf": 0.5097473242996062
    },
    {
      "window": "202503~202508",
      "n": 117,
      "exp": -0.01268642916516161,
      "winRate": 0.042735042735042736,
      "pf": 0.3985254867368865
    },
    {
      "window": "202504~202509",
      "n": 102,
      "exp": -0.012988283676948771,
      "winRate": 0.0392156862745098,
      "pf": 0.39040056269535783
    },
    {
      "window": "202505~202510",
      "n": 99,
      "exp": -0.013966341563784521,
      "winRate": 0.04040404040404041,
      "pf": 0.380275652392839
    },
    {
      "window": "202506~202511",
      "n": 65,
      "exp": -0.018654486985119394,
      "winRate": 0.03076923076923077,
      "pf": 0.17386717685383377
    },
    {
      "window": "202507~202512",
      "n": 65,